"phoneNumber(STRING(36))","drupal(STRING(61))","updated(DATETIME)","description(TEXT)","objectId(STRING_ID)","facebookPage(STRING(39))","created(DATETIME)","wordpress(STRING(52))","reviews(INT)","name(STRING(36))","rating(INT)","email(STRING(36))","ownerId(STRING(36))","category__Category__bcklsFK__ONE_TO_ONE","logo__Picture__bcklsFK__ONE_TO_ONE","officeLocation__GeoPoint__bcklsFK__ONE_TO_ONE"
"+398764123456","https://demo.titaniumtemplates.com/drupal/rest/views/rest_api","Sat Sep 30 05:45:03 UTC 2017","Home Craft's is more than a leading retailer of home decor and gifts. At Kirkland's, our unique products create the backdrop for memorable life events, like a family dinner, a child's first birthday, a 20th wedding anniversary, or just a cozy evening indoors.","3DBC84F3-7FDE-A6A4-FF9C-110EAD487E00","https://www.facebook.com/ionicframework","Thu Sep 28 11:04:31 UTC 2017","https://demo.titaniumtemplates.com/wordpress/?json=1",1,"Home Craft",4,"info@homecraft.com",null,"DFB02AA2-B80F-3471-FF71-9D78AF929D00","9470D91B-628D-6A55-FFB3-1E9C8D742E00","0663922A-D31C-6FE0-FF53-C4F7E4AC3100"
"+398764123456","https://demo.titaniumtemplates.com/drupal/rest/views/rest_api","Fri Sep 29 09:42:09 UTC 2017","When you join us, you can sit back and relax knowing you'll enjoy a one-of-a-kind movie experience. From crystal-clear, all digital projections to custom-built sound systems and stunning 3D, our theatres will immerse you in the movies!","7EBCDD04-06BD-0591-FF8F-E186F49BC300","https://www.facebook.com/ionicframework","Thu Sep 28 11:43:44 UTC 2017","https://demo.titaniumtemplates.com/wordpress/?json=1",0,"Edwards Theatres",0,"info@edwardstheatres.com",null,"5202A64A-B09B-72B9-FFC2-328985F50F00","A3141E04-1BBB-463F-FF43-DB89C321FA00","09BB8A35-F3DE-1069-FFA3-199E12B36800"
"+398764123456","https://demo.titaniumtemplates.com/drupal/rest/views/rest_api","Fri Sep 29 09:42:10 UTC 2017","Two projectors run simultaneously to provide the perfect image with a balance of warmth and sharpness. IMAX draws you into something as close to reality as you have ever experienced. The combination of our perfectly tuned integrated sound system and our precise speaker orientation ensures you can hear a pin drop and be able to tell exactly where it landed.","82BE4FF1-F91F-3A09-FFF6-51619DE33800","https://www.facebook.com/ionicframework","Thu Sep 28 11:58:05 UTC 2017","https://demo.titaniumtemplates.com/wordpress/?json=1",0,"IMAX",0,"info@imax.com",null,"5202A64A-B09B-72B9-FFC2-328985F50F00","574C00B4-2395-883F-FF4E-2B00506AFA00","0BD178E6-7362-6420-FF79-C1126F31A100"
"+398764123456","https://demo.titaniumtemplates.com/drupal/rest/views/rest_api","Fri Sep 29 09:42:07 UTC 2017","Genesis Fertility Centre is the first Canadian clinic to voluntarily undergo independent verification of success rates by IVF Reports and Fertility Authority, recognized leaders in IVF standards and patient advocacy.","98E75F91-1FE9-3985-FF61-251BAF022700","https://www.facebook.com/ionicframework","Thu Sep 28 10:50:01 UTC 2017","https://demo.titaniumtemplates.com/wordpress/?json=1",0,"Genesis Fertility Centre",0,"info@genesis.com",null,"B47C5DD0-71F5-18B2-FF34-AB734281B800","96F914BA-C659-0961-FF0C-9FA2720B9200","05DB6B6D-FD00-664A-FF97-848C07B0C600"
"+398764123456","https://demo.titaniumtemplates.com/drupal/rest/views/rest_api","Sat Sep 30 06:36:02 UTC 2017","Celebrating the best of Bristol's brewing scene, we've got 8 hand pulls and 10 keg lines serving a huge range of craft beers from Bristol and around the UK. Only 5 minutes walk from Temple Meads Station and Old Market, we are the best pub around by a mile! A cosy pub, great beer garden and top notch pub food, you'll wish we were at the end of your road.","A301577B-6C12-E598-FF5C-B24A6A033A00","https://www.facebook.com/ionicframework","Thu Sep 28 12:20:44 UTC 2017","https://demo.titaniumtemplates.com/wordpress/?json=1",1,"Barley Mow",4,"info@barleymow.com",null,"F3A96A5F-D141-E5E5-FFF6-1AD49068CB00","6390A375-A6FE-1388-FF02-870843C46200","0D76C624-C150-7023-FFCE-E676F890A600"
"+398764123456","https://demo.titaniumtemplates.com/drupal/rest/views/rest_api","Sat Sep 30 06:37:13 UTC 2017","Cleveland Clinic – a global nonprofit academic medical centre has provided world class patient care to people from around the world since 1921. As the Canadian location of the Cleveland Clinic, we help our patients’ live healthier more active lives in a state-of-the-art outpatient clinic in downtown Toronto.","A821F142-43DE-37BE-FF1A-31941BF75600","https://www.facebook.com/ionicframework","Thu Sep 28 07:42:36 UTC 2017","https://demo.titaniumtemplates.com/wordpress/?json=1",1,"Cleveland Clinic",3,"info@clevelandclinic.com",null,"B47C5DD0-71F5-18B2-FF34-AB734281B800","4A95F3E7-0A28-C124-FFCA-0033614C9600","00AA4310-5A6C-3D76-FF63-0C4D266A2A00"
"+398764123456","https://demo.titaniumtemplates.com/drupal/rest/views/rest_api","Fri Sep 29 09:42:12 UTC 2017","In japanese, our name means ‘naughty child’, or ‘one who is wishful and determined’. A good example of that determination is the art of ‘kaizen’, meaning ‘good change’. This philosophy sits right at our heart. It shapes every dish we create, and pushes us to find better ways in all that we do. We’re restless spirits, forever creating and making things better. We’ve been practising kaizen since 1992, when we opened our first doors in london’s bloomsbury.","B92A4680-86FB-935A-FFB5-FE6A59B58800","https://www.facebook.com/ionicframework","Thu Sep 28 12:33:16 UTC 2017","https://demo.titaniumtemplates.com/wordpress/?json=1",0,"Wagamama",0,"info@wagamama.com",null,"DFB02AA2-B80F-3471-FF71-9D78AF929D00","B319D2DA-642E-9037-FF3A-36B1486F7A00","0E0CADEE-BDAC-55CF-EE3B-26092D765F00"
null,"https://demo.titaniumtemplates.com/drupal/rest/views/rest_api","Fri Sep 29 09:55:17 UTC 2017","Hi there","D56A764C-7525-033C-FF33-B5653C872D00",null,"Fri Sep 29 09:48:43 UTC 2017",null,1,"Test",4,"info@wagamama.com",null,"13339AF3-A3B6-2C17-FFEF-F5F733777A00","236D06BD-5454-EA02-FF8B-ABD6D561A600","044239D4-88E1-ACD0-FF0B-74293B14AF00"
"+398764123456","https://demo.titaniumtemplates.com/drupal/rest/views/rest_api","Fri Sep 29 09:42:09 UTC 2017","At Diagnostics Laboratories, our values are the core of who we are and what we believe in.  They inspire us to be our best every day and in everything we do in order to provide individuals, healthcare professionals and clients with the timely and accurate information they need to make informed decisions and improve patient outcomes.","F6B79B95-6C49-CBC2-FF9C-33D62A1B8500","https://www.facebook.com/ionicframework","Thu Sep 28 11:34:59 UTC 2017","https://demo.titaniumtemplates.com/wordpress/?json=1",0,"Diagnostics Laboratories",0,"info@diagnosticslab.com",null,"B47C5DD0-71F5-18B2-FF34-AB734281B800","09773B22-254A-86A2-FFBC-5DC7BF972200","08451256-5BFA-8DEC-FF9C-BE979DA01300"
