"objectId(STRING_ID)","name(STRING(36))","created(DATETIME)","updated(DATETIME)","ownerId(STRING(36))"
"13339AF3-A3B6-2C17-FFEF-F5F733777A00","Shop","Thu Sep 28 07:44:35 UTC 2017",null,null
"5202A64A-B09B-72B9-FFC2-328985F50F00","Movie Theatres","Thu Sep 28 07:44:07 UTC 2017",null,null
"B47C5DD0-71F5-18B2-FF34-AB734281B800","Healthcare","Thu Sep 28 07:44:22 UTC 2017",null,null
"DFB02AA2-B80F-3471-FF71-9D78AF929D00","Food","Thu Sep 28 07:44:28 UTC 2017",null,null
"F3A96A5F-D141-E5E5-FFF6-1AD49068CB00","Drink","Thu Sep 28 07:44:15 UTC 2017",null,null
