00AA4310-5A6C-3D76-FF63-0C4D266A2A00,37.7736854,"-122.421034","busdir_geopoints","title=Cleveland Clinic"
00B1C9C8-5015-ED6F-FF59-E50AE1AA5F00,37.794936,"-122.424957","busdir_geopoints","title=Cleveland Clinic"
00E4A7A0-8AA6-42CC-FF70-53BA2979F700,37.794732,"-122.426544","busdir_geopoints","title=Cleveland Clinic"
044239D4-88E1-ACD0-FF0B-74293B14AF00,37.9164026,"-121.4234639","busdir_geopoints","title=Genesis Fertility Centre"
053721D1-9777-7B5C-FF7E-1A78E6500A00,37.793139,"-122.428991","busdir_geopoints","title=Genesis Fertility Centre"
05DB6B6D-FD00-664A-FF97-848C07B0C600,37.791833,"-122.432317","busdir_geopoints","title=Genesis Fertility Centre"
05E1DC08-28ED-9456-FFE8-B5AF0F5B8C00,37.8164026,"-121.421164","busdir_geopoints","title=Home Craft"
0663922A-D31C-6FE0-FF53-C4F7E4AC3100,37.796229,"-122.412221","busdir_geopoints","title=Home Craft"
06DF3B8D-72EC-2777-FFC5-4CB7C6C1BD00,37.793312,"-122.412865","busdir_geopoints","title=Home Craft"
08451256-5BFA-8DEC-FF9C-BE979DA01300,37.7889591,"-122.4068924","busdir_geopoints","title=Diagnostics Laboratories"
08CE8B13-BF1C-9430-FFC2-A39B4942D700,37.7889591,"-122.4068924","busdir_geopoints","title=Diagnostics Laboratories"
090A8349-3FDD-4E12-FF96-EF47DC5D1C00,37.7868542,"-122.4123574","busdir_geopoints","title=Diagnostics Laboratories"
0995E1CB-534D-9B66-AAFF-FD3CEA842100,37.7873702,"-122.4234238","busdir_geopoints","title=Edwards Theatres"
09BB8A35-F3DE-1069-FFA3-199E12B36800,37.7873702,"-122.4234238","busdir_geopoints","title=Edwards Theatres"
0B2D8A59-6B73-FB19-FFDB-90AF0C2F5F00,37.7894444,"-122.4220841","busdir_geopoints","title=Edwards Theatres"
0BBF79CB-ED9A-824D-FF7D-190601199400,37.7875918,"-122.4251636","busdir_geopoints","title=IMAX"
0BD178E6-7362-6420-FF79-C1126F31A100,37.7875918,"-122.4251636","busdir_geopoints","title=IMAX"
0C5AC1AA-6A28-D164-FF02-8EC3129FDB00,37.7887371,"-122.4237127","busdir_geopoints","title=IMAX"
0C8E4BC2-8C53-8F58-FF0E-EA8890DE5C00,37.7880446,"-122.4219292","busdir_geopoints","title=Barley Mow"
0D76C624-C150-7023-FFCE-E676F890A600,37.7880446,"-122.4219292","busdir_geopoints","title=Barley Mow"
0DC65568-E64D-15EF-FF90-FCDC41DA7900,37.7891906,"-122.4204187","busdir_geopoints","title=Barley Mow"
0E0CADEE-BDAC-55CF-EE3B-26092D765F00,37.7975623,"-122.4054395","busdir_geopoints","title=Wagamama"
0EB0A02C-2F9E-DED0-FF53-7245872B9000,37.7975623,"-122.4054395","busdir_geopoints","title=Wagamama"
105E62BE-3500-1A24-FF0D-13D9EACF5200,37.7971271,"-122.4089501","busdir_geopoints","title=Wagamama"
129205D3-BA52-7440-FE91-5BA007A4D600,37.798297,"-122.417951","busdir_geopoints","title=Common Map"
