"closeAt(DATETIME)","day(STRING(36))","updated(DATETIME)","openAt(DATETIME)","objectId(STRING_ID)","created(DATETIME)","ownerId(STRING(36))","openHours__Business__bcklsFK__ONE_TO_MANY"
"Thu Sep 28 19:00:00 UTC 2017","Monday","Thu Sep 28 11:44:56 UTC 2017","Thu Sep 28 09:00:00 UTC 2017","013ED948-3709-A24B-FFA7-3F36F5DB3F00","Thu Sep 28 11:44:18 UTC 2017",null,"7EBCDD04-06BD-0591-FF8F-E186F49BC300"
"Thu Sep 28 19:00:00 UTC 2017","Monday","Thu Sep 28 11:44:56 UTC 2017","Thu Sep 28 09:00:00 UTC 2017","013ED948-3709-A24B-FFA7-3F36F5DB3F00","Thu Sep 28 11:44:18 UTC 2017",null,"82BE4FF1-F91F-3A09-FFF6-51619DE33800"
"Thu Sep 28 20:00:00 UTC 2017","Monday","Thu Sep 28 12:25:03 UTC 2017","Thu Sep 28 09:00:00 UTC 2017","166EBF9B-52FF-4250-FF70-10FED09E1700","Thu Sep 28 12:24:32 UTC 2017",null,"A301577B-6C12-E598-FF5C-B24A6A033A00"
"Thu Sep 28 20:00:00 UTC 2017","Monday","Thu Sep 28 12:25:03 UTC 2017","Thu Sep 28 09:00:00 UTC 2017","166EBF9B-52FF-4250-FF70-10FED09E1700","Thu Sep 28 12:24:32 UTC 2017",null,"B92A4680-86FB-935A-FFB5-FE6A59B58800"
"Thu Sep 28 20:00:00 UTC 2017","Thurday","Thu Sep 28 12:25:56 UTC 2017","Thu Sep 28 09:00:00 UTC 2017","16D03460-E6F6-FF99-FF5F-76003F37EC00","Thu Sep 28 12:25:43 UTC 2017",null,"A301577B-6C12-E598-FF5C-B24A6A033A00"
"Thu Sep 28 20:00:00 UTC 2017","Thurday","Thu Sep 28 12:25:56 UTC 2017","Thu Sep 28 09:00:00 UTC 2017","16D03460-E6F6-FF99-FF5F-76003F37EC00","Thu Sep 28 12:25:43 UTC 2017",null,"B92A4680-86FB-935A-FFB5-FE6A59B58800"
"Thu Sep 28 16:00:00 UTC 2017","Wednesday","Thu Sep 28 09:45:44 UTC 2017","Thu Sep 28 06:00:00 UTC 2017","264ABF74-B6F9-5B9E-FF25-652572C6A500","Thu Sep 28 09:45:26 UTC 2017",null,"A821F142-43DE-37BE-FF1A-31941BF75600"
"Thu Sep 28 20:00:00 UTC 2017","Friday","Thu Sep 28 12:26:17 UTC 2017","Thu Sep 28 10:00:00 UTC 2017","268D617A-BEA9-BEBF-FF8B-2AEAF8729E00","Thu Sep 28 12:26:02 UTC 2017",null,"A301577B-6C12-E598-FF5C-B24A6A033A00"
"Thu Sep 28 20:00:00 UTC 2017","Friday","Thu Sep 28 12:26:17 UTC 2017","Thu Sep 28 10:00:00 UTC 2017","268D617A-BEA9-BEBF-FF8B-2AEAF8729E00","Thu Sep 28 12:26:02 UTC 2017",null,"B92A4680-86FB-935A-FFB5-FE6A59B58800"
"Thu Sep 28 16:00:00 UTC 2017","Monday","Thu Sep 28 09:40:07 UTC 2017","Thu Sep 28 06:00:00 UTC 2017","27DE301E-EFB2-DBAF-FF08-8449B7725900","Thu Sep 28 09:39:45 UTC 2017",null,"A821F142-43DE-37BE-FF1A-31941BF75600"
"Thu Sep 28 19:00:00 UTC 2017","Sunday","Thu Sep 28 11:48:47 UTC 2017","Thu Sep 28 10:00:00 UTC 2017","2C7C3B43-3C89-F571-FFA2-41E3EFA3EC00","Thu Sep 28 11:48:26 UTC 2017",null,"7EBCDD04-06BD-0591-FF8F-E186F49BC300"
"Thu Sep 28 19:00:00 UTC 2017","Sunday","Thu Sep 28 11:48:47 UTC 2017","Thu Sep 28 10:00:00 UTC 2017","2C7C3B43-3C89-F571-FFA2-41E3EFA3EC00","Thu Sep 28 11:48:26 UTC 2017",null,"82BE4FF1-F91F-3A09-FFF6-51619DE33800"
"Thu Sep 28 19:00:00 UTC 2017","Sunday","Thu Sep 28 11:48:47 UTC 2017","Thu Sep 28 10:00:00 UTC 2017","2C7C3B43-3C89-F571-FFA2-41E3EFA3EC00","Thu Sep 28 11:48:26 UTC 2017",null,"B92A4680-86FB-935A-FFB5-FE6A59B58800"
"Thu Sep 28 19:00:00 UTC 2017","Thursday","Thu Sep 28 11:46:18 UTC 2017","Thu Sep 28 09:00:00 UTC 2017","2FD90312-6126-489F-FF78-6B75A519E800","Thu Sep 28 11:46:06 UTC 2017",null,"7EBCDD04-06BD-0591-FF8F-E186F49BC300"
"Thu Sep 28 19:00:00 UTC 2017","Thursday","Thu Sep 28 11:46:18 UTC 2017","Thu Sep 28 09:00:00 UTC 2017","2FD90312-6126-489F-FF78-6B75A519E800","Thu Sep 28 11:46:06 UTC 2017",null,"82BE4FF1-F91F-3A09-FFF6-51619DE33800"
"Thu Sep 28 15:30:00 UTC 2017","Saturday","Thu Sep 28 09:47:40 UTC 2017","Thu Sep 28 07:00:00 UTC 2017","34311278-536C-3979-FF2E-79ED4FF84700","Thu Sep 28 09:47:28 UTC 2017",null,"3DBC84F3-7FDE-A6A4-FF9C-110EAD487E00"
"Thu Sep 28 15:30:00 UTC 2017","Saturday","Thu Sep 28 09:47:40 UTC 2017","Thu Sep 28 07:00:00 UTC 2017","34311278-536C-3979-FF2E-79ED4FF84700","Thu Sep 28 09:47:28 UTC 2017",null,"98E75F91-1FE9-3985-FF61-251BAF022700"
"Thu Sep 28 15:30:00 UTC 2017","Saturday","Thu Sep 28 09:47:40 UTC 2017","Thu Sep 28 07:00:00 UTC 2017","34311278-536C-3979-FF2E-79ED4FF84700","Thu Sep 28 09:47:28 UTC 2017",null,"A821F142-43DE-37BE-FF1A-31941BF75600"
"Thu Sep 28 11:00:00 UTC 2017","Thurday","Thu Sep 28 11:14:32 UTC 2017","Thu Sep 28 06:00:00 UTC 2017","345587EB-35EA-8E1D-FF58-65A59DE2DD00","Thu Sep 28 11:13:59 UTC 2017",null,"3DBC84F3-7FDE-A6A4-FF9C-110EAD487E00"
"Thu Sep 28 17:00:00 UTC 2017","Tuesday","Thu Sep 28 10:55:31 UTC 2017","Thu Sep 28 05:30:00 UTC 2017","345FAD9B-370E-4DFE-FFC8-B79541B31500","Thu Sep 28 10:55:19 UTC 2017",null,"98E75F91-1FE9-3985-FF61-251BAF022700"
"Thu Sep 28 17:00:00 UTC 2017","Tuesday","Thu Sep 28 10:55:31 UTC 2017","Thu Sep 28 05:30:00 UTC 2017","345FAD9B-370E-4DFE-FFC8-B79541B31500","Thu Sep 28 10:55:19 UTC 2017",null,"F6B79B95-6C49-CBC2-FF9C-33D62A1B8500"
"Thu Sep 28 18:00:00 UTC 2017","Thursday","Thu Sep 28 11:13:49 UTC 2017","Thu Sep 28 15:00:00 UTC 2017","3B6E3F63-8E4B-800F-FFD3-2946A1B56000","Thu Sep 28 11:13:20 UTC 2017",null,"3DBC84F3-7FDE-A6A4-FF9C-110EAD487E00"
"Thu Sep 28 17:00:00 UTC 2017","Thursday","Thu Sep 28 10:57:03 UTC 2017","Thu Sep 28 05:30:00 UTC 2017","5CBFE5C6-1963-FCF3-FF84-642FAEF75D00","Thu Sep 28 10:56:46 UTC 2017",null,"98E75F91-1FE9-3985-FF61-251BAF022700"
"Thu Sep 28 17:00:00 UTC 2017","Thursday","Thu Sep 28 10:57:03 UTC 2017","Thu Sep 28 05:30:00 UTC 2017","5CBFE5C6-1963-FCF3-FF84-642FAEF75D00","Thu Sep 28 10:56:46 UTC 2017",null,"F6B79B95-6C49-CBC2-FF9C-33D62A1B8500"
"Thu Sep 28 11:00:00 UTC 2017","Friday","Thu Sep 28 11:15:27 UTC 2017","Thu Sep 28 06:00:00 UTC 2017","61A8A58B-4117-D435-FF84-76652C8CA800","Thu Sep 28 11:15:09 UTC 2017",null,"3DBC84F3-7FDE-A6A4-FF9C-110EAD487E00"
"Thu Sep 28 20:00:00 UTC 2017","Tuesday","Thu Sep 28 12:25:21 UTC 2017","Thu Sep 28 09:00:00 UTC 2017","61EB0C29-F323-94F7-FF02-743716779A00","Thu Sep 28 12:25:09 UTC 2017",null,"A301577B-6C12-E598-FF5C-B24A6A033A00"
"Thu Sep 28 20:00:00 UTC 2017","Tuesday","Thu Sep 28 12:25:21 UTC 2017","Thu Sep 28 09:00:00 UTC 2017","61EB0C29-F323-94F7-FF02-743716779A00","Thu Sep 28 12:25:09 UTC 2017",null,"B92A4680-86FB-935A-FFB5-FE6A59B58800"
"Thu Sep 28 17:00:00 UTC 2017","Friday","Thu Sep 28 10:57:52 UTC 2017","Thu Sep 28 05:30:00 UTC 2017","7B2AA3FF-92F8-1111-FF3C-64CF7C835200","Thu Sep 28 10:57:32 UTC 2017",null,"98E75F91-1FE9-3985-FF61-251BAF022700"
"Thu Sep 28 17:00:00 UTC 2017","Friday","Thu Sep 28 10:57:52 UTC 2017","Thu Sep 28 05:30:00 UTC 2017","7B2AA3FF-92F8-1111-FF3C-64CF7C835200","Thu Sep 28 10:57:32 UTC 2017",null,"F6B79B95-6C49-CBC2-FF9C-33D62A1B8500"
"Thu Sep 28 19:00:00 UTC 2017","Wednesday","Thu Sep 28 11:45:58 UTC 2017","Thu Sep 28 09:00:00 UTC 2017","7CA386B0-A5A1-4ABF-FF90-F8CE4A6FD100","Thu Sep 28 11:45:43 UTC 2017",null,"7EBCDD04-06BD-0591-FF8F-E186F49BC300"
"Thu Sep 28 19:00:00 UTC 2017","Wednesday","Thu Sep 28 11:45:58 UTC 2017","Thu Sep 28 09:00:00 UTC 2017","7CA386B0-A5A1-4ABF-FF90-F8CE4A6FD100","Thu Sep 28 11:45:43 UTC 2017",null,"82BE4FF1-F91F-3A09-FFF6-51619DE33800"
"Thu Sep 28 16:00:00 UTC 2017","Friday","Thu Sep 28 09:47:09 UTC 2017","Thu Sep 28 06:00:00 UTC 2017","8344F31C-1725-4DCB-FFFB-316388785600","Thu Sep 28 09:46:42 UTC 2017",null,"A821F142-43DE-37BE-FF1A-31941BF75600"
"Thu Sep 28 18:00:00 UTC 2017","Monday","Thu Sep 28 11:10:26 UTC 2017","Thu Sep 28 15:00:00 UTC 2017","90DFBA5E-D668-CB70-FF22-E75925D9BA00","Thu Sep 28 11:09:22 UTC 2017",null,"3DBC84F3-7FDE-A6A4-FF9C-110EAD487E00"
"Thu Sep 28 17:00:00 UTC 2017","Monday","Thu Sep 28 10:54:55 UTC 2017","Thu Sep 28 05:30:00 UTC 2017","A1B9D81C-801B-2797-FF52-7E40F86EC900","Thu Sep 28 10:54:33 UTC 2017",null,"98E75F91-1FE9-3985-FF61-251BAF022700"
"Thu Sep 28 17:00:00 UTC 2017","Monday","Thu Sep 28 10:54:55 UTC 2017","Thu Sep 28 05:30:00 UTC 2017","A1B9D81C-801B-2797-FF52-7E40F86EC900","Thu Sep 28 10:54:33 UTC 2017",null,"F6B79B95-6C49-CBC2-FF9C-33D62A1B8500"
"Thu Sep 28 18:00:00 UTC 2017","Wednesday","Thu Sep 28 11:12:51 UTC 2017","Thu Sep 28 15:00:00 UTC 2017","A5DDACE4-E773-D2E6-FF8C-786990DD5C00","Thu Sep 28 11:12:37 UTC 2017",null,"3DBC84F3-7FDE-A6A4-FF9C-110EAD487E00"
"Thu Sep 28 18:00:00 UTC 2017","Tuesday","Thu Sep 28 11:11:28 UTC 2017","Thu Sep 28 15:00:00 UTC 2017","AF13163F-E843-FBC9-FFD7-93BCCF0F8A00","Thu Sep 28 11:11:17 UTC 2017",null,"3DBC84F3-7FDE-A6A4-FF9C-110EAD487E00"
"Thu Sep 28 19:00:00 UTC 2017","Tuesday","Thu Sep 28 11:45:38 UTC 2017","Thu Sep 28 09:00:00 UTC 2017","AFB5D391-3533-CD27-FF74-D0219B707F00","Thu Sep 28 11:45:23 UTC 2017",null,"7EBCDD04-06BD-0591-FF8F-E186F49BC300"
"Thu Sep 28 19:00:00 UTC 2017","Tuesday","Thu Sep 28 11:45:38 UTC 2017","Thu Sep 28 09:00:00 UTC 2017","AFB5D391-3533-CD27-FF74-D0219B707F00","Thu Sep 28 11:45:23 UTC 2017",null,"82BE4FF1-F91F-3A09-FFF6-51619DE33800"
"Thu Sep 28 20:00:00 UTC 2017","Friday","Thu Sep 28 11:47:24 UTC 2017","Thu Sep 28 10:00:00 UTC 2017","B2D416DC-22AE-DA0A-FF13-4E0BD0E4D200","Thu Sep 28 11:46:57 UTC 2017",null,"7EBCDD04-06BD-0591-FF8F-E186F49BC300"
"Thu Sep 28 20:00:00 UTC 2017","Friday","Thu Sep 28 11:47:24 UTC 2017","Thu Sep 28 10:00:00 UTC 2017","B2D416DC-22AE-DA0A-FF13-4E0BD0E4D200","Thu Sep 28 11:46:57 UTC 2017",null,"82BE4FF1-F91F-3A09-FFF6-51619DE33800"
"Thu Sep 28 20:00:00 UTC 2017","Wednesday","Thu Sep 28 12:25:38 UTC 2017","Thu Sep 28 10:00:00 UTC 2017","BE8A22B7-3D30-0ACF-FF0C-2924D24DB300","Thu Sep 28 12:25:26 UTC 2017",null,"A301577B-6C12-E598-FF5C-B24A6A033A00"
"Thu Sep 28 20:00:00 UTC 2017","Wednesday","Thu Sep 28 12:25:38 UTC 2017","Thu Sep 28 10:00:00 UTC 2017","BE8A22B7-3D30-0ACF-FF0C-2924D24DB300","Thu Sep 28 12:25:26 UTC 2017",null,"B92A4680-86FB-935A-FFB5-FE6A59B58800"
"Thu Sep 28 11:00:00 UTC 2017","Monday","Thu Sep 28 11:09:09 UTC 2017","Thu Sep 28 06:00:00 UTC 2017","BF3380F2-AF81-7328-FF2B-F2A42A6C8000","Thu Sep 28 11:08:51 UTC 2017",null,"3DBC84F3-7FDE-A6A4-FF9C-110EAD487E00"
"Thu Sep 28 16:00:00 UTC 2017","Thursday","Thu Sep 28 09:46:26 UTC 2017","Thu Sep 28 06:00:00 UTC 2017","C7826CA9-A406-EED9-FF56-2B4BBF747300","Thu Sep 28 09:46:17 UTC 2017",null,"A821F142-43DE-37BE-FF1A-31941BF75600"
"Thu Sep 28 20:00:00 UTC 2017","Saturday","Thu Sep 28 12:26:47 UTC 2017","Thu Sep 28 08:00:00 UTC 2017","D164F173-A039-A7F9-FFFC-0CD5920A7A00","Thu Sep 28 12:26:27 UTC 2017",null,"A301577B-6C12-E598-FF5C-B24A6A033A00"
"Thu Sep 28 20:00:00 UTC 2017","Saturday","Thu Sep 28 12:26:47 UTC 2017","Thu Sep 28 08:00:00 UTC 2017","D164F173-A039-A7F9-FFFC-0CD5920A7A00","Thu Sep 28 12:26:27 UTC 2017",null,"B92A4680-86FB-935A-FFB5-FE6A59B58800"
"Thu Sep 28 18:00:00 UTC 2017","Friday","Thu Sep 28 11:15:00 UTC 2017","Thu Sep 28 15:00:00 UTC 2017","D373448C-97E7-6EA4-FFA4-101E2C068E00","Thu Sep 28 11:14:46 UTC 2017",null,"3DBC84F3-7FDE-A6A4-FF9C-110EAD487E00"
"Thu Sep 28 16:00:00 UTC 2017","Tuesday","Thu Sep 28 09:44:23 UTC 2017","Thu Sep 28 06:00:00 UTC 2017","D5455EF9-F1BE-4DBE-FFBB-21AC6E3F5E00","Thu Sep 28 09:44:05 UTC 2017",null,"A821F142-43DE-37BE-FF1A-31941BF75600"
"Thu Sep 28 20:00:00 UTC 2017","Saturday","Thu Sep 28 11:48:11 UTC 2017","Thu Sep 28 10:00:00 UTC 2017","E114EB75-A57A-F69A-FF61-8A51EC041A00","Thu Sep 28 11:47:37 UTC 2017",null,"7EBCDD04-06BD-0591-FF8F-E186F49BC300"
"Thu Sep 28 20:00:00 UTC 2017","Saturday","Thu Sep 28 11:48:11 UTC 2017","Thu Sep 28 10:00:00 UTC 2017","E114EB75-A57A-F69A-FF61-8A51EC041A00","Thu Sep 28 11:47:37 UTC 2017",null,"82BE4FF1-F91F-3A09-FFF6-51619DE33800"
"Thu Sep 28 11:00:00 UTC 2017","Sunday","Thu Sep 28 09:48:27 UTC 2017","Thu Sep 28 06:00:00 UTC 2017","E651E8BC-EE86-1934-FF30-D063F7C91900","Thu Sep 28 09:47:50 UTC 2017",null,"A821F142-43DE-37BE-FF1A-31941BF75600"
"Thu Sep 28 17:00:00 UTC 2017","Wednesady",null,"Thu Sep 28 05:30:00 UTC 2017","ED5D5E02-6271-0068-FF45-DAC065786C00","Thu Sep 28 10:56:36 UTC 2017",null,"98E75F91-1FE9-3985-FF61-251BAF022700"
"Thu Sep 28 17:00:00 UTC 2017","Wednesady",null,"Thu Sep 28 05:30:00 UTC 2017","ED5D5E02-6271-0068-FF45-DAC065786C00","Thu Sep 28 10:56:36 UTC 2017",null,"F6B79B95-6C49-CBC2-FF9C-33D62A1B8500"
"Thu Sep 28 11:00:00 UTC 2017","Tuesday","Thu Sep 28 11:11:05 UTC 2017","Thu Sep 28 06:00:00 UTC 2017","F22A8B85-5242-6414-FF00-EDF1C5523900","Thu Sep 28 11:10:46 UTC 2017",null,"3DBC84F3-7FDE-A6A4-FF9C-110EAD487E00"
"Thu Sep 28 11:00:00 UTC 2017","Wednesday","Thu Sep 28 11:12:29 UTC 2017","Thu Sep 28 06:00:00 UTC 2017","F39F3552-2234-BCB0-FF99-FE35C65EB200","Thu Sep 28 11:12:18 UTC 2017",null,"3DBC84F3-7FDE-A6A4-FF9C-110EAD487E00"
