"url(STRING(91))","ownerId(STRING(36))","updated(DATETIME)","created(DATETIME)","objectId(STRING_ID)","url2(FILE_REF)","pictures__Product__bcklsFK__ONE_TO_MANY","pictures__Article__bcklsFK__ONE_TO_MANY","pictures__Service__bcklsFK__ONE_TO_MANY","pictures__Business__bcklsFK__ONE_TO_MANY","pictures__CatalogItem__bcklsFK__ONE_TO_MANY"
"https://skounis.s3.amazonaws.com/mobile-apps/business-directory/assets/product-2-thumb.jpg",null,null,"Thu Sep 28 13:53:51 UTC 2017","0641ECDC-8AD7-DEB3-FF42-70755E413500",null,null,null,null,null,null
"https://skounis.s3.amazonaws.com/mobile-apps/business-directory/assets/product-1-thumb.jpg",null,null,"Thu Sep 28 13:51:07 UTC 2017","082861AA-733F-C399-FF59-70EAE69A2F00",null,null,null,null,null,null
"https://skounis.s3.amazonaws.com/mobile-apps/business-directory/assets/photo-5.jpg",null,null,"Thu Sep 28 13:40:41 UTC 2017","084A38AB-ABF8-F00D-FF6F-76B6F021A500",null,null,"52AE8159-0793-7B8E-FF53-E513C582CD00",null,null,null
"https://skounis.s3.amazonaws.com/mobile-apps/business-directory/assets/photo-5.jpg",null,null,"Thu Sep 28 13:40:41 UTC 2017","084A38AB-ABF8-F00D-FF6F-76B6F021A500",null,null,"8C756D74-8A0B-E481-FF8F-9D8C2AC73C00",null,null,null
"https://skounis.s3.amazonaws.com/mobile-apps/business-directory/assets/business-04-logo.png",null,null,"Thu Sep 28 11:35:15 UTC 2017","09773B22-254A-86A2-FFBC-5DC7BF972200",null,null,null,null,null,null
"https://skounis.s3.amazonaws.com/mobile-apps/business-directory/assets/business-04.png",null,null,"Thu Sep 28 11:38:22 UTC 2017","0C228C0A-3DFD-5AC9-FF6E-DE8074435400",null,null,null,null,"F6B79B95-6C49-CBC2-FF9C-33D62A1B8500",null
"https://skounis.s3.amazonaws.com/mobile-apps/business-directory/assets/catalog-1-5.jpg",null,null,"Thu Sep 28 13:13:23 UTC 2017","0C908C39-BC5E-18C0-FFE7-3A3F29847900",null,null,null,null,null,"69D19A19-DD56-550D-FFE5-D92D42647B00"
"https://skounis.s3.amazonaws.com/mobile-apps/business-directory/assets/business-01.png",null,null,"Thu Sep 28 09:51:31 UTC 2017","142C02C7-F3F3-13A0-FF72-80D770120900",null,null,null,null,"A821F142-43DE-37BE-FF1A-31941BF75600",null
"https://skounis.s3.amazonaws.com/mobile-apps/business-directory/assets/business-08.png",null,null,"Thu Sep 28 12:35:31 UTC 2017","163A0F5E-C31C-0612-FF02-DDBDA840B000",null,null,null,null,"B92A4680-86FB-935A-FFB5-FE6A59B58800",null
"https://skounis.s3.amazonaws.com/mobile-apps/business-directory/assets/product-4-thumb.jpg",null,null,"Thu Sep 28 13:57:51 UTC 2017","179F375C-8CC1-DCB1-FF51-ACA912D4B700",null,null,null,null,null,null
"https://skounis.s3.amazonaws.com/mobile-apps/business-directory/assets/service-1-4.jpg",null,null,"Thu Sep 28 14:13:20 UTC 2017","236D06BD-5454-EA02-FF8B-ABD6D561A600",null,null,null,"B73ECC50-04CB-C09E-FFB9-6C803E8BA500",null,null
"https://skounis.s3.amazonaws.com/mobile-apps/business-directory/assets/photo-1.jpg",null,null,"Thu Sep 28 13:35:34 UTC 2017","263BF61A-9470-09B6-FFAB-817BA68CA900",null,null,"0D4C9937-EEDF-B7F8-FF36-20C1CA0C1D00",null,null,null
"https://skounis.s3.amazonaws.com/mobile-apps/business-directory/assets/photo-3.jpg",null,null,"Thu Sep 28 13:38:15 UTC 2017","26D30BE4-7BBC-7F0D-FF84-A92D17743B00",null,null,"19BF0A08-BCBC-3ECF-FFE7-363FF403D100",null,null,null
"https://skounis.s3.amazonaws.com/mobile-apps/business-directory/assets/photo-3.jpg",null,null,"Thu Sep 28 13:38:15 UTC 2017","26D30BE4-7BBC-7F0D-FF84-A92D17743B00",null,null,"5B989FAE-41C7-6169-FF65-46939B64D900",null,null,null
"https://skounis.s3.amazonaws.com/mobile-apps/business-directory/assets/service-2-1.jpg",null,null,"Thu Sep 28 14:07:45 UTC 2017","2820E8F2-A704-A380-FFC6-C43B0DC88200",null,null,null,"B74EE815-00F2-8E6B-FFB1-E80BD02A6100",null,null
"https://skounis.s3.amazonaws.com/mobile-apps/business-directory/assets/service-2-1.jpg",null,null,"Thu Sep 28 14:07:45 UTC 2017","2820E8F2-A704-A380-FFC6-C43B0DC88200",null,null,null,"FD8B6750-E7AD-F18A-FFEA-897874925500",null,null
"https://skounis.s3.amazonaws.com/mobile-apps/business-directory/assets/catalog-1-2.jpg",null,null,"Thu Sep 28 13:18:13 UTC 2017","2DFFADDC-7AEB-4AE9-FF40-A8B248E1AA00",null,null,null,null,null,"81A057A6-255E-C482-FFF3-439681967C00"
"https://skounis.s3.amazonaws.com/mobile-apps/business-directory/assets/catalog-1-2.jpg",null,null,"Thu Sep 28 13:18:13 UTC 2017","2DFFADDC-7AEB-4AE9-FF40-A8B248E1AA00",null,null,null,null,null,"8773D213-6B60-F7EB-FFAE-1B11C6472A00"
"https://skounis.s3.amazonaws.com/mobile-apps/business-directory/assets/catalog-1-2.jpg",null,null,"Thu Sep 28 13:18:13 UTC 2017","2DFFADDC-7AEB-4AE9-FF40-A8B248E1AA00",null,null,null,null,null,"C54BA47D-D7EB-DFDD-FFE0-0D56205B0700"
"https://skounis.s3.amazonaws.com/mobile-apps/business-directory/assets/products-1-3.jpg",null,null,"Thu Sep 28 13:50:37 UTC 2017","2E51F1EE-334B-F51B-FFB6-5D9ACC7D2200",null,"1FD42B8D-478E-2FC8-FFE4-879363CA0900",null,null,null,null
"https://skounis.s3.amazonaws.com/mobile-apps/business-directory/assets/products-1-3.jpg",null,null,"Thu Sep 28 13:50:37 UTC 2017","2E51F1EE-334B-F51B-FFB6-5D9ACC7D2200",null,"F65ABD82-ED91-9F8E-FF18-EF73B1FB2C00",null,null,null,null
"https://skounis.s3.amazonaws.com/mobile-apps/business-directory/assets/catalog-6-thumb.jpg",null,null,"Thu Sep 28 13:20:25 UTC 2017","3165A90F-FF3B-351A-FFCD-290557B83600",null,null,null,null,null,null
"https://skounis.s3.amazonaws.com/mobile-apps/business-directory/assets/catalog-1-1.jpg",null,null,"Thu Sep 28 13:12:44 UTC 2017","37FA0A43-6C04-07A0-FF42-4B0E9C55D200",null,null,null,null,null,"69D19A19-DD56-550D-FFE5-D92D42647B00"
"https://skounis.s3.amazonaws.com/mobile-apps/business-directory/assets/products-2-1.jpg",null,null,"Thu Sep 28 13:53:19 UTC 2017","3B14BA12-76E2-37BF-FFA4-854F5E989400",null,"00945366-9177-E637-FFD4-58240C7F9600",null,null,null,null
"https://skounis.s3.amazonaws.com/mobile-apps/business-directory/assets/products-2-1.jpg",null,null,"Thu Sep 28 13:53:19 UTC 2017","3B14BA12-76E2-37BF-FFA4-854F5E989400",null,"2F373B8A-598F-6F52-FF2B-D9EBF2D94800",null,null,null,null
"https://skounis.s3.amazonaws.com/mobile-apps/business-directory/assets/photo-3-thumb.jpg",null,null,"Thu Sep 28 13:38:42 UTC 2017","412C2E6E-4822-7A4B-FF72-DE1E28EEAB00",null,null,null,null,null,null
"https://skounis.s3.amazonaws.com/mobile-apps/business-directory/assets/catalog-1-1.jpg",null,null,"Thu Sep 28 13:20:50 UTC 2017","427CDA06-5B29-9C66-FFAD-56BFE41A7900",null,null,null,null,null,"E8533094-08E4-3526-FF68-8C734B514700"
"https://skounis.s3.amazonaws.com/mobile-apps/business-directory/assets/service-1-3.jpg",null,null,"Thu Sep 28 14:06:25 UTC 2017","4590F843-07BD-782A-FF9B-B1581C349300",null,null,null,"2A9A7EE8-C01D-A85E-FF64-5200D7EEAE00",null,null
"https://skounis.s3.amazonaws.com/mobile-apps/business-directory/assets/service-1-3.jpg",null,null,"Thu Sep 28 14:06:25 UTC 2017","4590F843-07BD-782A-FF9B-B1581C349300",null,null,null,"6E2A2D65-09A1-1C12-FF88-2B7AD5BEB400",null,null
"https://skounis.s3.amazonaws.com/mobile-apps/business-directory/assets/service-1-3.jpg",null,null,"Thu Sep 28 14:06:25 UTC 2017","4590F843-07BD-782A-FF9B-B1581C349300",null,null,null,"7A830D7E-0519-D6D4-FF16-378D9CC4BC00",null,null
"https://skounis.s3.amazonaws.com/mobile-apps/business-directory/assets/products-3-1.jpg",null,null,"Thu Sep 28 13:55:23 UTC 2017","47B9C14E-9094-30FC-FF9F-80C49C184400",null,"1FD42B8D-478E-2FC8-FFE4-879363CA0900",null,null,null,null
"https://skounis.s3.amazonaws.com/mobile-apps/business-directory/assets/products-3-1.jpg",null,null,"Thu Sep 28 13:55:23 UTC 2017","47B9C14E-9094-30FC-FF9F-80C49C184400",null,"4CD9EBD2-A966-FB0E-FF68-BD7451B56300",null,null,null,null
"https://skounis.s3.amazonaws.com/mobile-apps/business-directory/assets/products-3-1.jpg",null,null,"Thu Sep 28 13:55:23 UTC 2017","47B9C14E-9094-30FC-FF9F-80C49C184400",null,"837696F0-BF79-B15D-FF52-01D1D798C600",null,null,null,null
"https://skounis.s3.amazonaws.com/mobile-apps/business-directory/assets/business-01-logo.png",null,"Wed Sep 27 14:30:38 UTC 2017","Wed Sep 27 14:28:42 UTC 2017","4A95F3E7-0A28-C124-FFCA-0033614C9600",https://api.backendless.com/23A8662E-FEFD-1784-FF25-94058263E100/3A5F74D8-B6D1-E086-FF56-69FE9A766600/files/assets/business-01-logo.png,null,null,null,null,null
"https://skounis.s3.amazonaws.com/mobile-apps/business-directory/assets/catalog-1-thumb.jpg",null,null,"Thu Sep 28 13:22:56 UTC 2017","4D3D7C15-2D22-E814-FF38-30477E5F3800",null,null,null,null,null,null
"https://skounis.s3.amazonaws.com/mobile-apps/business-directory/assets/catalog-1-1.jpg",null,null,"Thu Sep 28 13:10:03 UTC 2017","4D9690BE-4D73-5C1C-FF23-749BD2C59E00",null,null,null,null,null,"09A419C9-2D87-58A6-FFF2-4355D623BF00"
"https://skounis.s3.amazonaws.com/mobile-apps/business-directory/assets/catalog-1-1.jpg",null,null,"Thu Sep 28 13:10:03 UTC 2017","4D9690BE-4D73-5C1C-FF23-749BD2C59E00",null,null,null,null,null,"FDF6012C-4330-0250-FFCA-FD3DDE387C00"
"https://skounis.s3.amazonaws.com/mobile-apps/business-directory/assets/service-4-1.jpg",null,null,"Thu Sep 28 14:12:00 UTC 2017","4F3A7238-2D04-782E-FF1A-53137AC2D500",null,null,null,"6F6033C1-72E3-57F4-FFBA-652A5A240500",null,null
"https://skounis.s3.amazonaws.com/mobile-apps/business-directory/assets/service-3-thumb.jpg",null,null,"Thu Sep 28 14:09:45 UTC 2017","4F3CF834-00DC-A69E-FF87-B8B346CF0300",null,null,null,null,null,null
"https://skounis.s3.amazonaws.com/mobile-apps/business-directory/assets/catalog-3-thumb.jpg",null,null,"Thu Sep 28 13:11:12 UTC 2017","51245007-B08F-8084-FF8E-14A720A24400",null,null,null,null,null,null
"https://skounis.s3.amazonaws.com/mobile-apps/business-directory/assets/service-6-1.jpg",null,null,"Thu Sep 28 14:14:43 UTC 2017","541E9410-1BB6-F7C0-FF47-2CA472ECFA00",null,null,null,"BF7DF62C-F465-168F-FFBF-22396DC88A00",null,null
"https://skounis.s3.amazonaws.com/mobile-apps/business-directory/assets/business-06-logo.png",null,null,"Thu Sep 28 11:58:29 UTC 2017","574C00B4-2395-883F-FF4E-2B00506AFA00",null,null,null,null,null,null
"https://skounis.s3.amazonaws.com/mobile-apps/business-directory/assets/catalog-5-thumb.jpg",null,null,"Thu Sep 28 13:19:11 UTC 2017","5AF4609D-B55A-4ADD-FF11-5DC2FC9D9600",null,null,null,null,null,null
"https://skounis.s3.amazonaws.com/mobile-apps/business-directory/assets/product-3-thumb.jpg",null,null,"Thu Sep 28 13:55:55 UTC 2017","603FD0BB-98DA-D6E8-FFF9-C36365DAF200",null,null,null,null,null,null
"https://skounis.s3.amazonaws.com/mobile-apps/business-directory/assets/products-4-1.jpg",null,null,"Thu Sep 28 13:57:18 UTC 2017","6078E105-4EDE-8CF7-FF07-8F294BAA8300",null,"00945366-9177-E637-FFD4-58240C7F9600",null,null,null,null
"https://skounis.s3.amazonaws.com/mobile-apps/business-directory/assets/photo-5-thumb.jpg",null,null,"Thu Sep 28 13:41:06 UTC 2017","62F4145E-8FA4-1F96-FFC0-4E21C061A900",null,null,null,null,null,null
"https://skounis.s3.amazonaws.com/mobile-apps/business-directory/assets/business-07-logo.png",null,null,"Thu Sep 28 12:20:57 UTC 2017","6390A375-A6FE-1388-FF02-870843C46200",null,null,null,null,null,null
"https://skounis.s3.amazonaws.com/mobile-apps/business-directory/assets/photo-2.jpg",null,null,"Thu Sep 28 13:37:03 UTC 2017","6AB11D3D-BE55-8F00-FFCD-86798E8B4C00",null,null,"7F438885-DEBA-07B2-FF8F-026E65E68400",null,null,null
"https://skounis.s3.amazonaws.com/mobile-apps/business-directory/assets/photo-2.jpg",null,null,"Thu Sep 28 13:37:03 UTC 2017","6AB11D3D-BE55-8F00-FFCD-86798E8B4C00",null,null,"92D816E8-4CF9-CF0D-FFCF-FFD550950F00",null,null,null
"https://skounis.s3.amazonaws.com/mobile-apps/business-directory/assets/photo-2.jpg",null,null,"Thu Sep 28 13:37:03 UTC 2017","6AB11D3D-BE55-8F00-FFCD-86798E8B4C00",null,null,"D78F7389-61D4-CFAB-FF5D-EA8E988CD200",null,null,null
"https://skounis.s3.amazonaws.com/mobile-apps/business-directory/assets/catalog-1-3.jpg",null,null,"Thu Sep 28 13:13:00 UTC 2017","6C4EB1CC-B43A-29C4-FFDA-C1212A0DEA00",null,null,null,null,null,"69D19A19-DD56-550D-FFE5-D92D42647B00"
"https://skounis.s3.amazonaws.com/mobile-apps/business-directory/assets/catalog-1-3.jpg",null,null,"Thu Sep 28 13:10:20 UTC 2017","6FFF6851-CD4F-2A54-FFC7-567153463A00",null,null,null,null,null,"FDF6012C-4330-0250-FFCA-FD3DDE387C00"
"https://skounis.s3.amazonaws.com/mobile-apps/business-directory/assets/catalog-1-3.jpg",null,null,"Thu Sep 28 13:18:22 UTC 2017","7971AC22-753B-620C-FF9B-F9A0C0F68900",null,null,null,null,null,"81A057A6-255E-C482-FFF3-439681967C00"
"https://skounis.s3.amazonaws.com/mobile-apps/business-directory/assets/catalog-1-3.jpg",null,null,"Thu Sep 28 13:18:22 UTC 2017","7971AC22-753B-620C-FF9B-F9A0C0F68900",null,null,null,null,null,"8773D213-6B60-F7EB-FFAE-1B11C6472A00"
"https://skounis.s3.amazonaws.com/mobile-apps/business-directory/assets/service-1-1.jpg",null,null,"Thu Sep 28 14:06:09 UTC 2017","8070DED7-1955-C83B-FFDA-28D679DF3E00",null,null,null,"2A9A7EE8-C01D-A85E-FF64-5200D7EEAE00",null,null
"https://skounis.s3.amazonaws.com/mobile-apps/business-directory/assets/catalog-1-1.jpg",null,null,"Thu Sep 28 13:18:04 UTC 2017","82964966-B682-2297-FF7F-31E891BD4800",null,null,null,null,null,"81A057A6-255E-C482-FFF3-439681967C00"
"https://skounis.s3.amazonaws.com/mobile-apps/business-directory/assets/catalog-1-1.jpg",null,null,"Thu Sep 28 13:18:04 UTC 2017","82964966-B682-2297-FF7F-31E891BD4800",null,null,null,null,null,"8773D213-6B60-F7EB-FFAE-1B11C6472A00"
"https://skounis.s3.amazonaws.com/mobile-apps/business-directory/assets/catalog-1-1.jpg",null,null,"Thu Sep 28 13:18:04 UTC 2017","82964966-B682-2297-FF7F-31E891BD4800",null,null,null,null,null,"C54BA47D-D7EB-DFDD-FFE0-0D56205B0700"
"https://skounis.s3.amazonaws.com/mobile-apps/business-directory/assets/business-06-01.png",null,null,"Thu Sep 28 12:00:21 UTC 2017","83C48B29-0AAC-69E4-FF14-A474E1B8AD00",null,null,null,null,"82BE4FF1-F91F-3A09-FFF6-51619DE33800",null
"https://skounis.s3.amazonaws.com/mobile-apps/business-directory/assets/catalog-4-1.jpg",null,null,"Thu Sep 28 13:12:27 UTC 2017","8B24DE79-38C3-F654-FFEF-F43129103000",null,null,null,null,null,"69D19A19-DD56-550D-FFE5-D92D42647B00"
"https://skounis.s3.amazonaws.com/mobile-apps/business-directory/assets/catalog-4-1.jpg",null,null,"Thu Sep 28 13:12:27 UTC 2017","8B24DE79-38C3-F654-FFEF-F43129103000",null,null,null,null,null,"DD2A3509-E42B-3E2D-FFFA-FC6276167700"
"https://skounis.s3.amazonaws.com/mobile-apps/business-directory/assets/catalog-6-1.jpg",null,null,"Thu Sep 28 13:20:41 UTC 2017","92E96B72-CAEE-CC1E-FF6A-536117D72500",null,null,null,null,null,"6E7264F8-27D6-C04D-FF19-7B69BBFEAB00"
"https://skounis.s3.amazonaws.com/mobile-apps/business-directory/assets/catalog-6-1.jpg",null,null,"Thu Sep 28 13:20:41 UTC 2017","92E96B72-CAEE-CC1E-FF6A-536117D72500",null,null,null,null,null,"E8533094-08E4-3526-FF68-8C734B514700"
"https://skounis.s3.amazonaws.com/mobile-apps/business-directory/assets/business-03-logo.png",null,null,"Thu Sep 28 11:04:44 UTC 2017","9470D91B-628D-6A55-FFB3-1E9C8D742E00",null,null,null,null,null,null
"https://skounis.s3.amazonaws.com/mobile-apps/business-directory/assets/catalog-1-6.jpg",null,null,"Thu Sep 28 13:18:41 UTC 2017","95BCF628-AA00-57DF-FFFE-FD9408A66B00",null,null,null,null,null,"6E7264F8-27D6-C04D-FF19-7B69BBFEAB00"
"https://skounis.s3.amazonaws.com/mobile-apps/business-directory/assets/catalog-1-6.jpg",null,null,"Thu Sep 28 13:18:41 UTC 2017","95BCF628-AA00-57DF-FFFE-FD9408A66B00",null,null,null,null,null,"81A057A6-255E-C482-FFF3-439681967C00"
"https://skounis.s3.amazonaws.com/mobile-apps/business-directory/assets/catalog-1-6.jpg",null,null,"Thu Sep 28 13:18:41 UTC 2017","95BCF628-AA00-57DF-FFFE-FD9408A66B00",null,null,null,null,null,"99558FAA-9322-ED96-FF44-8FCEFAB52E00"
"https://skounis.s3.amazonaws.com/mobile-apps/business-directory/assets/business-02-logo.png",null,null,"Thu Sep 28 10:50:28 UTC 2017","96F914BA-C659-0961-FF0C-9FA2720B9200",null,null,null,null,null,null
"https://skounis.s3.amazonaws.com/mobile-apps/business-directory/assets/service-3-1.jpg",null,null,"Thu Sep 28 14:09:10 UTC 2017","9C04D5B1-2915-67E6-FFF4-997F64B04B00",null,null,null,"6E2A2D65-09A1-1C12-FF88-2B7AD5BEB400",null,null
"https://skounis.s3.amazonaws.com/mobile-apps/business-directory/assets/service-3-1.jpg",null,null,"Thu Sep 28 14:09:10 UTC 2017","9C04D5B1-2915-67E6-FFF4-997F64B04B00",null,null,null,"7A830D7E-0519-D6D4-FF16-378D9CC4BC00",null,null
"https://skounis.s3.amazonaws.com/mobile-apps/business-directory/assets/business-02.png",null,null,"Thu Sep 28 11:02:39 UTC 2017","9C903C0E-F4A7-C443-FFBE-25ACC3F18300",null,null,null,null,"98E75F91-1FE9-3985-FF61-251BAF022700",null
"https://skounis.s3.amazonaws.com/mobile-apps/business-directory/assets/catalog-1-5.jpg",null,null,"Thu Sep 28 13:10:30 UTC 2017","9DE3AB1A-41FA-260F-FFB3-42CCA320F200",null,null,null,null,null,"DD2A3509-E42B-3E2D-FFFA-FC6276167700"
"https://skounis.s3.amazonaws.com/mobile-apps/business-directory/assets/catalog-1-5.jpg",null,null,"Thu Sep 28 13:10:30 UTC 2017","9DE3AB1A-41FA-260F-FFB3-42CCA320F200",null,null,null,null,null,"FDF6012C-4330-0250-FFCA-FD3DDE387C00"
"https://skounis.s3.amazonaws.com/mobile-apps/business-directory/assets/photo-4-thumb.jpg",null,null,"Thu Sep 28 13:39:49 UTC 2017","9E6ED209-7A2C-4972-FF28-91B841391500",null,null,null,null,null,null
"https://skounis.s3.amazonaws.com/mobile-apps/business-directory/assets/service-2-thumb.jpg",null,null,"Thu Sep 28 14:08:06 UTC 2017","9FDEB140-D85B-0BFA-FFFB-D468246F4C00",null,null,null,null,null,null
"https://skounis.s3.amazonaws.com/mobile-apps/business-directory/assets/service-1-6.jpg",null,null,"Thu Sep 28 14:12:09 UTC 2017","A0ACD294-53AB-D4CE-FFAB-DDED9FAD6E00",null,null,null,"6F6033C1-72E3-57F4-FFBA-652A5A240500",null,null
"https://skounis.s3.amazonaws.com/mobile-apps/business-directory/assets/product-6-thumb.jpg",null,null,"Thu Sep 28 14:01:39 UTC 2017","A0B1FFF4-884E-6184-FF27-388C54822A00",null,null,null,null,null,null
"https://skounis.s3.amazonaws.com/mobile-apps/business-directory/assets/business-05-logo.png",null,null,"Thu Sep 28 11:50:16 UTC 2017","A3141E04-1BBB-463F-FF43-DB89C321FA00",null,null,null,null,null,null
"https://skounis.s3.amazonaws.com/mobile-apps/business-directory/assets/catalog-5-1.jpg",null,null,"Thu Sep 28 13:17:55 UTC 2017","A47EF227-1100-BDF0-FFD2-8BD032DBFD00",null,null,null,null,null,"81A057A6-255E-C482-FFF3-439681967C00"
"https://skounis.s3.amazonaws.com/mobile-apps/business-directory/assets/catalog-1-2.jpg",null,null,"Thu Sep 28 13:10:12 UTC 2017","A521E04F-217F-8667-FF5B-6274CB6C3700",null,null,null,null,null,"DD2A3509-E42B-3E2D-FFFA-FC6276167700"
"https://skounis.s3.amazonaws.com/mobile-apps/business-directory/assets/catalog-1-2.jpg",null,null,"Thu Sep 28 13:10:12 UTC 2017","A521E04F-217F-8667-FF5B-6274CB6C3700",null,null,null,null,null,"FDF6012C-4330-0250-FFCA-FD3DDE387C00"
"https://skounis.s3.amazonaws.com/mobile-apps/business-directory/assets/business-05.png",null,null,"Thu Sep 28 11:50:33 UTC 2017","A797D795-678A-9A28-FFE6-269F3FE4A200",null,null,null,null,"7EBCDD04-06BD-0591-FF8F-E186F49BC300",null
"https://skounis.s3.amazonaws.com/mobile-apps/business-directory/assets/service-1-2.jpg",null,null,"Thu Sep 28 14:06:18 UTC 2017","A99A2078-27C4-77AB-FFAF-650259CEE000",null,null,null,"2A9A7EE8-C01D-A85E-FF64-5200D7EEAE00",null,null
"https://skounis.s3.amazonaws.com/mobile-apps/business-directory/assets/service-1-2.jpg",null,null,"Thu Sep 28 14:06:18 UTC 2017","A99A2078-27C4-77AB-FFAF-650259CEE000",null,null,null,"FD8B6750-E7AD-F18A-FFEA-897874925500",null,null
"https://skounis.s3.amazonaws.com/mobile-apps/business-directory/assets/service-1-thumb.jpg",null,null,"Thu Sep 28 14:06:50 UTC 2017","AA5C5896-853F-1D51-FFE0-90A63271C700",null,null,null,null,null,null
"https://skounis.s3.amazonaws.com/mobile-apps/business-directory/assets/product-5-thumb.jpg",null,null,"Thu Sep 28 13:59:41 UTC 2017","AA7B13CD-6C63-5741-FFF9-6945B3151700",null,null,null,null,null,null
"https://skounis.s3.amazonaws.com/mobile-apps/business-directory/assets/service-5-thumb.jpg",null,null,"Thu Sep 28 14:13:37 UTC 2017","ABBFC6C4-CE43-8011-FFCF-71F3F1C5A900",null,null,null,null,"D56A764C-7525-033C-FF33-B5653C872D00",null
"https://skounis.s3.amazonaws.com/mobile-apps/business-directory/assets/business-06-02.png",null,null,"Thu Sep 28 12:00:31 UTC 2017","B2CD8612-122C-82E1-FF47-362E96CEC400",null,null,null,null,"82BE4FF1-F91F-3A09-FFF6-51619DE33800",null
"https://skounis.s3.amazonaws.com/mobile-apps/business-directory/assets/business-08-logo.png",null,null,"Thu Sep 28 12:34:52 UTC 2017","B319D2DA-642E-9037-FF3A-36B1486F7A00",null,null,null,null,null,null
"https://skounis.s3.amazonaws.com/mobile-apps/business-directory/assets/products-5-1.jpg",null,null,"Thu Sep 28 13:59:06 UTC 2017","B63F4EBB-887B-4FFD-FF37-ED6D25A63F00",null,"1079E9F5-FF13-1214-FFAE-29A15F41E500",null,null,null,null
"https://skounis.s3.amazonaws.com/mobile-apps/business-directory/assets/catalog-1-2.jpg",null,null,"Thu Sep 28 13:12:52 UTC 2017","C013E8C5-A60F-3659-FFBC-C13293658D00",null,null,null,null,null,"69D19A19-DD56-550D-FFE5-D92D42647B00"
"https://skounis.s3.amazonaws.com/mobile-apps/business-directory/assets/service-6-thumb.jpg",null,null,"Thu Sep 28 14:15:09 UTC 2017","C752A2A0-566A-4A65-FF49-BF64B702F500",null,null,null,null,null,null
"https://skounis.s3.amazonaws.com/mobile-apps/business-directory/assets/catalog-1-4.jpg",null,null,"Thu Sep 28 13:18:29 UTC 2017","CAE2E850-77B3-B894-FF5A-7D3D553B3400",null,null,null,null,null,"81A057A6-255E-C482-FFF3-439681967C00"
"https://skounis.s3.amazonaws.com/mobile-apps/business-directory/assets/business-03.png",null,null,"Thu Sep 28 11:06:58 UTC 2017","CCAB1FCB-1EAD-26B3-FF2E-8033C8A23500",null,null,null,null,"3DBC84F3-7FDE-A6A4-FF9C-110EAD487E00",null
"https://skounis.s3.amazonaws.com/mobile-apps/business-directory/assets/catalog-2-thumb.jpg",null,null,"Thu Sep 28 13:15:35 UTC 2017","CD58ABF6-1131-D505-FF26-FC7EE0DA6D00",null,null,null,null,null,null
"https://skounis.s3.amazonaws.com/mobile-apps/business-directory/assets/catalog-2-1.jpg",null,null,"Thu Sep 28 13:15:13 UTC 2017","CF630E2E-7896-A1D7-FF06-A0F279644C00",null,null,null,null,null,"8773D213-6B60-F7EB-FFAE-1B11C6472A00"
"https://skounis.s3.amazonaws.com/mobile-apps/business-directory/assets/catalog-2-1.jpg",null,null,"Thu Sep 28 13:15:13 UTC 2017","CF630E2E-7896-A1D7-FF06-A0F279644C00",null,null,null,null,null,"D6E0B979-8C1E-C466-FFAF-5008400F4600"
"https://skounis.s3.amazonaws.com/mobile-apps/business-directory/assets/catalog-1-6.jpg",null,null,"Thu Sep 28 13:10:39 UTC 2017","DAEE822D-3377-45C0-FF64-6366F5F9FE00",null,null,null,null,null,"FDF6012C-4330-0250-FFCA-FD3DDE387C00"
"https://skounis.s3.amazonaws.com/mobile-apps/business-directory/assets/products-1-2.jpg",null,null,"Thu Sep 28 13:50:30 UTC 2017","DEC625D1-5092-65D7-FF1D-425C13A8F300",null,"74133D1B-D6E1-C8DE-FF24-F8D5959FB700",null,null,null,null
"https://skounis.s3.amazonaws.com/mobile-apps/business-directory/assets/products-1-2.jpg",null,null,"Thu Sep 28 13:50:30 UTC 2017","DEC625D1-5092-65D7-FF1D-425C13A8F300",null,"837696F0-BF79-B15D-FF52-01D1D798C600",null,null,null,null
"https://skounis.s3.amazonaws.com/mobile-apps/business-directory/assets/products-1-2.jpg",null,null,"Thu Sep 28 13:50:30 UTC 2017","DEC625D1-5092-65D7-FF1D-425C13A8F300",null,"F65ABD82-ED91-9F8E-FF18-EF73B1FB2C00",null,null,null,null
"https://skounis.s3.amazonaws.com/mobile-apps/business-directory/assets/photo-1-thumb.jpg",null,null,"Thu Sep 28 13:35:53 UTC 2017","E308AF5F-3664-0447-FF6C-84738B605E00",null,null,null,null,null,null
"https://skounis.s3.amazonaws.com/mobile-apps/business-directory/assets/products-6-1.jpg",null,null,"Thu Sep 28 14:00:45 UTC 2017","E5291BB2-241B-F0FE-FF99-61EDB6B1AD00",null,"74133D1B-D6E1-C8DE-FF24-F8D5959FB700",null,null,null,null
"https://skounis.s3.amazonaws.com/mobile-apps/business-directory/assets/photo-2-thumb.jpg",null,null,"Thu Sep 28 13:37:23 UTC 2017","E539A9AD-5D98-9FBC-FFB1-B52437D59200",null,null,null,null,null,null
"https://skounis.s3.amazonaws.com/mobile-apps/business-directory/assets/service-4-thumb.jpg",null,null,"Thu Sep 28 14:12:29 UTC 2017","E63C0482-BC87-A222-FFCE-322FDA5EDB00",null,null,null,null,null,null
"https://skounis.s3.amazonaws.com/mobile-apps/business-directory/assets/catalog-4-thumb.jpg",null,null,"Thu Sep 28 13:13:54 UTC 2017","E79488C8-F4A6-413B-FF29-E2AF3907B700",null,null,null,null,null,null
"https://skounis.s3.amazonaws.com/mobile-apps/business-directory/assets/photo-4.jpg",null,null,"Thu Sep 28 13:39:27 UTC 2017","EB596DC0-74A6-72E7-FFA6-1C9A4B637800",null,null,"0CE9D747-00B7-66FD-FFCA-CBFB1D5FFA00",null,null,null
"https://skounis.s3.amazonaws.com/mobile-apps/business-directory/assets/photo-4.jpg",null,null,"Thu Sep 28 13:39:27 UTC 2017","EB596DC0-74A6-72E7-FFA6-1C9A4B637800",null,null,"69470186-E679-895B-FFDC-6093973F7A00",null,null,null
"https://skounis.s3.amazonaws.com/mobile-apps/business-directory/assets/photo-4.jpg",null,null,"Thu Sep 28 13:39:27 UTC 2017","EB596DC0-74A6-72E7-FFA6-1C9A4B637800",null,null,"91E7B994-5F61-AA32-FF1B-370896CD4F00",null,null,null
"https://skounis.s3.amazonaws.com/mobile-apps/business-directory/assets/catalog-1-6.jpg",null,null,"Thu Sep 28 13:13:30 UTC 2017","EE4EFFD8-3303-9EBF-FF80-7365DA7FCA00",null,null,null,null,null,"09A419C9-2D87-58A6-FFF2-4355D623BF00"
"https://skounis.s3.amazonaws.com/mobile-apps/business-directory/assets/catalog-1-6.jpg",null,null,"Thu Sep 28 13:13:30 UTC 2017","EE4EFFD8-3303-9EBF-FF80-7365DA7FCA00",null,null,null,null,null,"69D19A19-DD56-550D-FFE5-D92D42647B00"
"https://skounis.s3.amazonaws.com/mobile-apps/business-directory/assets/catalog-1-6.jpg",null,null,"Thu Sep 28 13:13:30 UTC 2017","EE4EFFD8-3303-9EBF-FF80-7365DA7FCA00",null,null,null,null,null,"C54BA47D-D7EB-DFDD-FFE0-0D56205B0700"
"https://skounis.s3.amazonaws.com/mobile-apps/business-directory/assets/products-1-1.jpg",null,null,"Thu Sep 28 13:50:21 UTC 2017","F6050C9A-F500-C6F7-FF0B-8B819A350100",null,"F65ABD82-ED91-9F8E-FF18-EF73B1FB2C00",null,null,null,null
"https://skounis.s3.amazonaws.com/mobile-apps/business-directory/assets/business-07.png",null,null,"Thu Sep 28 12:28:16 UTC 2017","FA0B9C7F-0311-8FE5-FFB0-35A42A8B0500",null,null,null,null,"A301577B-6C12-E598-FF5C-B24A6A033A00",null
"https://skounis.s3.amazonaws.com/mobile-apps/business-directory/assets/service-5-1.jpg",null,null,"Thu Sep 28 14:13:10 UTC 2017","FB665C64-E3D0-C3C7-FF6A-5595B8F3BE00",null,null,null,"B73ECC50-04CB-C09E-FFB9-6C803E8BA500",null,null
"https://skounis.s3.amazonaws.com/mobile-apps/business-directory/assets/catalog-3-1.jpg",null,null,"Thu Sep 28 13:09:51 UTC 2017","FDBD0D3B-815D-719A-FFA9-29F82D4EB200",null,null,null,null,null,"09A419C9-2D87-58A6-FFF2-4355D623BF00"
"https://skounis.s3.amazonaws.com/mobile-apps/business-directory/assets/catalog-3-1.jpg",null,null,"Thu Sep 28 13:09:51 UTC 2017","FDBD0D3B-815D-719A-FFA9-29F82D4EB200",null,null,null,null,null,"FDF6012C-4330-0250-FFCA-FD3DDE387C00"
