"objectId(STRING_ID)","url(STRING(67))","ownerId(STRING(36))","updated(DATETIME)","title(EXTENDED_STRING)","body(TEXT)","created(DATETIME)","price(STRING(36))","thumb__Picture__bcklsFK__ONE_TO_ONE","business__Business__bcklsFK__ONE_TO_ONE"
"00945366-9177-E637-FFD4-58240C7F9600","https://demo.morethanthemes.com/retailplus/commerce-default/node/12",null,"Thu Sep 28 13:58:23 UTC 2017","UT CONSECTETUER","Erat consequat blandit enim lobortis erat, eu vel sit elit diam, consequat nibh nibh adipiscing. Sed, te in odio ex esse, molestie zzril aliquam nisl laoreet, esse illum facilisi. \n\nTe lorem, consequat ad facilisis erat elit, et dolore nostrud sit aliquip, consequat nisl. Exerci feugiat in, odio iusto tation ullamcorper eum, vel lorem commodo nonummy volutpat, vero. \n\nVero vel feugiat commodo, euismod nonummy et suscipit sit, consequat ex illum consequat dignissim, esse feugiat tation eu laoreet, dolor te laoreet volutpat feugait, ut elit.","Thu Sep 28 13:56:27 UTC 2017","$199.00","179F375C-8CC1-DCB1-FF51-ACA912D4B700","7EBCDD04-06BD-0591-FF8F-E186F49BC300"
"1079E9F5-FF13-1214-FFAE-29A15F41E500","https://demo.morethanthemes.com/retailplus/commerce-default/node/13",null,"Thu Sep 28 13:59:57 UTC 2017","DIGNISSIM","Te eu dolore ullamcorper nulla aliquip, vero dignissim facilisis lorem diam, te ullamcorper esse tation. Diam, te vulputate vulputate aliquip lorem, amet magna hendrerit qui in, dolor hendrerit consequat. \n\nVero ad, vero nulla facilisi minim eu, molestie ea sit dolor zzril, facilisis autem. Dolore iriure in, tation lorem in sed diam, velit enim ex ex facilisi, molestie. \n\nNostrud praesent laoreet ut, tation elit commodo dolore odio, esse et diam accumsan dolor, ut nostrud dolore blandit vero, quis zzril dolor blandit quis, molestie vero esse amet. Et, euismod ut ut hendrerit ipsum, eum.","Thu Sep 28 13:58:36 UTC 2017","$299.00","AA7B13CD-6C63-5741-FFF9-6945B3151700","F6B79B95-6C49-CBC2-FF9C-33D62A1B8500"
"1FD42B8D-478E-2FC8-FFE4-879363CA0900","https://demo.morethanthemes.com/retailplus/commerce-default/node/11",null,"Thu Sep 28 13:56:21 UTC 2017","DOLOR NIBH","In iusto et ullamcorper dolore dolor, duis dolor feugiat dignissim ad, qui illum facilisi tation. Velit, wisi ullamcorper tation dignissim dolore, luptatum sit delenit vero lobortis, duis vel erat. \n\nVeniam consectetuer, nulla magna eum feugait eu, eros accumsan vel augue accumsan, nulla dignissim. Dolore facilisi nulla, ullamcorper magna duis hendrerit feugait, dolor luptatum sed ut quis, ex. \n\nZzril tincidunt sit at, facilisi nostrud at diam ea, aliquip consequat luptatum veniam facilisi, zzril wisi duis lobortis iriure, sed vel accumsan consequat.","Thu Sep 28 13:54:43 UTC 2017","$399.00","603FD0BB-98DA-D6E8-FFF9-C36365DAF200","82BE4FF1-F91F-3A09-FFF6-51619DE33800"
"2F373B8A-598F-6F52-FF2B-D9EBF2D94800","https://demo.morethanthemes.com/retailplus/commerce-default/node/10",null,"Thu Sep 28 13:54:37 UTC 2017","DOLORE MAGNA","Nostrud et vel nulla praesent luptatum, ea zzril dolore zzril autem, nostrud illum hendrerit te. In, tation iusto autem diam illum, nulla iriure in nostrud veniam, te nonummy odio. \n\nVulputate dolor, qui vero ullamcorper facilisis ut, aliquam lorem luptatum laoreet illum, vulputate eum. Amet hendrerit feugait, amet in tincidunt nulla vulputate, ullamcorper ea volutpat illum dolore, erat. \n\nAmet nostrud te in, illum praesent feugait delenit eros, tincidunt tation qui vel luptatum, elit eu.","Thu Sep 28 13:52:57 UTC 2017","$699.00","0641ECDC-8AD7-DEB3-FF42-70755E413500","A301577B-6C12-E598-FF5C-B24A6A033A00"
"4CD9EBD2-A966-FB0E-FF68-BD7451B56300","https://demo.morethanthemes.com/retailplus/commerce-default/node/10",null,"Thu Sep 28 14:03:34 UTC 2017","PRAESENT LUPTATUM","Nostrud et vel nulla praesent luptatum, ea zzril dolore zzril autem, nostrud illum hendrerit te. In, tation iusto autem diam illum, nulla iriure in nostrud veniam, te nonummy odio. \n\nVulputate dolor, qui vero ullamcorper facilisis ut, aliquam lorem luptatum laoreet illum, vulputate eum. Amet hendrerit feugait, amet in tincidunt nulla vulputate, ullamcorper ea volutpat illum dolore, erat. \n\nAmet nostrud te in, illum praesent feugait delenit eros, tincidunt tation qui vel luptatum, elit eu.","Thu Sep 28 14:02:19 UTC 2017","$699.00","603FD0BB-98DA-D6E8-FFF9-C36365DAF200","98E75F91-1FE9-3985-FF61-251BAF022700"
"74133D1B-D6E1-C8DE-FF24-F8D5959FB700","https://demo.morethanthemes.com/retailplus/commerce-default/node/14",null,"Thu Sep 28 14:02:03 UTC 2017","DOLORE DOLOR","Eu dolore ullamcorper nulla aliquip, vero dignissim facilisis lorem diam, te ullamcorper esse tation. Diam, te vulputate vulputate aliquip lorem, amet magna hendrerit qui in, dolor hendrerit consequat. \n\nVero ad, vero nulla facilisi minim eu, molestie ea sit dolor zzril, facilisis autem. Dolore iriure in, tation lorem in sed diam, velit enim ex ex facilisi, molestie. \n\nNostrud praesent laoreet ut, tation elit commodo dolore odio, esse et diam accumsan dolor, ut nostrud dolore blandit vero, quis zzril dolor blandit quis, molestie vero esse amet. Et, euismod ut ut hendrerit ipsum, eum.","Thu Sep 28 14:00:15 UTC 2017","$499.00","A0B1FFF4-884E-6184-FF27-388C54822A00","98E75F91-1FE9-3985-FF61-251BAF022700"
"837696F0-BF79-B15D-FF52-01D1D798C600","https://demo.morethanthemes.com/retailplus/commerce-default/node/11",null,"Thu Sep 28 14:04:42 UTC 2017","DUIS LOVORTIS","In iusto et ullamcorper dolore dolor, duis dolor feugiat dignissim ad, qui illum facilisi tation. Velit, wisi ullamcorper tation dignissim dolore, luptatum sit delenit vero lobortis, duis vel erat. \n\nVeniam consectetuer, nulla magna eum feugait eu, eros accumsan vel augue accumsan, nulla dignissim. Dolore facilisi nulla, ullamcorper magna duis hendrerit feugait, dolor luptatum sed ut quis, ex. \n\nZzril tincidunt sit at, facilisi nostrud at diam ea, aliquip consequat luptatum veniam facilisi, zzril wisi duis lobortis iriure, sed vel accumsan consequat.","Thu Sep 28 14:03:43 UTC 2017","$399.00","0641ECDC-8AD7-DEB3-FF42-70755E413500","A821F142-43DE-37BE-FF1A-31941BF75600"
"F65ABD82-ED91-9F8E-FF18-EF73B1FB2C00","https://demo.morethanthemes.com/retailplus/commerce-default/node/9",null,"Thu Sep 28 13:52:33 UTC 2017","WISI CONSEQUAT","Ut vulputate te dolor ipsum nonummy, dolore enim accumsan veniam duis, nibh veniam at nulla. Adipiscing, dolore dolor lobortis et qui, consequat ea tation iusto qui, tation velit minim. \n\nDelenit elit, feugait nibh illum diam vulputate, feugiat erat et velit veniam, tation ea. Consequat magna et, iriure delenit zzril vel ea, eum amet ut autem consequat, tincidunt. \n\nAliquam adipiscing vero dolore, magna ut vel et veniam, iriure odio ullamcorper erat vulputate, facilisi dolore hendrerit in accumsan, accumsan illum iriure quis nibh, nisl vulputate nostrud enim. Commodo, lorem luptatum erat ut elit, blandit dolor eu adipiscing ipsum, dolor.","Thu Sep 28 13:49:26 UTC 2017","$599.00","082861AA-733F-C399-FF59-70EAE69A2F00","B92A4680-86FB-935A-FFB5-FE6A59B58800"
