"rate(DOUBLE)","objectId(STRING_ID)","updated(DATETIME)","comment(TEXT)","created(DATETIME)","postDate(DATETIME)","ownerId(STRING(36))","author(STRING(36))","business__Business__bcklsFK__ONE_TO_ONE"
null,"045105D2-08E5-6327-FF12-427E12D43200",null,"asdfsdf","Fri Sep 29 09:39:21 UTC 2017","Fri Sep 29 09:39:21 UTC 2017",null,"sadf","A301577B-6C12-E598-FF5C-B24A6A033A00"
4,"0D6962E5-BAA9-D063-FF22-25B71B1D7B00",null,"rqwerwerwer","Fri Sep 29 09:55:10 UTC 2017","Fri Sep 29 09:55:10 UTC 2017",null,"qwerwe","D56A764C-7525-033C-FF33-B5653C872D00"
4,"0F99C228-5608-B120-FF5D-9FFFCC00E500",null,"fasdfsadfsd","Sat Sep 30 05:45:02 UTC 2017","Sat Sep 30 05:45:01 UTC 2017",null,"sadfasd","3DBC84F3-7FDE-A6A4-FF9C-110EAD487E00"
null,"2EABC2C8-ED5B-C1B1-FF05-59391CF43000",null,"asdasdsad","Sat Sep 30 05:41:48 UTC 2017","Sat Sep 30 05:41:48 UTC 2017",null,"asd","A821F142-43DE-37BE-FF1A-31941BF75600"
null,"339F2782-DC28-05E4-FF6D-FA43ECC20500",null,"qwerqwerwer","Fri Sep 29 09:51:22 UTC 2017","Fri Sep 29 09:51:22 UTC 2017",null,"wer","D56A764C-7525-033C-FF33-B5653C872D00"
5,"38635861-4BA5-3EB1-FF35-2FEC06E9EC00","Thu Sep 28 12:59:52 UTC 2017","Nice place!","Thu Sep 28 12:57:36 UTC 2017","Wed Sep 27 10:32:44 UTC 2017",null,"Chloe Smith","A301577B-6C12-E598-FF5C-B24A6A033A00"
4,"4C7F389F-7602-714E-FFB7-3B1E77D23B00",null,"sdfsfd","Fri Sep 29 09:52:02 UTC 2017","Fri Sep 29 09:52:02 UTC 2017",null,"asdfa","D56A764C-7525-033C-FF33-B5653C872D00"
3,"5C62C4FF-6948-782D-FF5D-3D5780597900",null,"dfasdfsdf","Fri Sep 29 09:56:41 UTC 2017","Fri Sep 29 09:56:40 UTC 2017",null,"sadfs","D56A764C-7525-033C-FF33-B5653C872D00"
4,"71184273-0589-0332-FFE0-A24B9BCBAE00",null,"HH","Sat Sep 30 06:36:01 UTC 2017","Sat Sep 30 06:36:01 UTC 2017",null,"GG","A301577B-6C12-E598-FF5C-B24A6A033A00"
5,"B3CD07B4-9743-EDE8-FF9C-7695E2C99C00",null,"asdfsdf","Fri Sep 29 09:52:31 UTC 2017","Fri Sep 29 09:52:31 UTC 2017",null,"asdf","D56A764C-7525-033C-FF33-B5653C872D00"
3,"B498F492-5233-385B-FF48-CC6311FE0300",null,"zz","Sat Sep 30 06:37:12 UTC 2017","Sat Sep 30 06:37:12 UTC 2017",null,"vv","A821F142-43DE-37BE-FF1A-31941BF75600"
null,"BF3BF26B-991F-B29A-FF8F-813EC8207D00",null,"asfd","Fri Sep 29 09:36:47 UTC 2017","Fri Sep 29 09:36:47 UTC 2017",null,"asdf","A301577B-6C12-E598-FF5C-B24A6A033A00"
4,"E8BFB4DB-E8D4-4E71-FFCF-4C9D0D046A00",null,"asdf","Fri Sep 29 09:53:33 UTC 2017","Fri Sep 29 09:53:33 UTC 2017",null,"adssadfsdf","D56A764C-7525-033C-FF33-B5653C872D00"
4,"EC1404FD-291C-429C-FF23-0A49D54C6300",null,"ZXcZC","Fri Sep 29 09:37:56 UTC 2017","Fri Sep 29 09:37:56 UTC 2017",null,"zxc","A301577B-6C12-E598-FF5C-B24A6A033A00"
